name,type,gender,religion,region,n,sources,clf_predicted_religion,clf_max_prob,human_validated
amina,first,F,Muslim,ALL,44247.0,ojas_list,Hindu,0.7984673071242376,False
sameera,first,F,Muslim,ALL,24891.0,ojas_list,Muslim,0.9147739717720968,False
shabana,first,F,Muslim,ALL,21034.0,ojas_list;marker_list,Hindu,0.9784706697141848,False
asma,first,F,Muslim,ALL,18537.0,ojas_list,Muslim,0.8483416177011427,False
shahida,first,F,Muslim,ALL,14300.0,ojas_list,Muslim,0.8765309825623309,False
nargis,first,F,Muslim,ALL,12729.0,ojas_list,Hindu,0.8852751937462546,False
fatima,first,F,Muslim,ALL,11699.0,ojas_list;marker_list,Muslim,0.8865613962520533,False
bushra,first,F,Muslim,ALL,11285.0,ojas_list,Hindu,0.9522680500286388,False
mariam,first,F,Muslim,ALL,8828.0,ojas_list,Christian,0.9997293069411232,False
ruksana,first,F,Muslim,ALL,6332.0,ojas_list,Hindu,0.8874183832166904,False
yasmin,first,F,Muslim,ALL,6253.0,ojas_list;marker_list,Muslim,0.5722731714213373,False
ayesha,first,F,Muslim,ALL,6092.0,ojas_list;marker_list,Christian,0.5087415206881514,False
rehana,first,F,Muslim,ALL,4546.0,ojas_list;marker_list,Muslim,0.7388125663541284,False
farida,first,F,Muslim,ALL,4485.0,ojas_list,Muslim,0.8065134748103052,False
roshni,first,F,Muslim,ALL,4281.0,ojas_list,Christian,0.506327233691962,False
zainab,first,F,Muslim,ALL,4231.0,ojas_list;marker_list,Muslim,0.9906318994648696,False
shahnaz,first,F,Muslim,ALL,3501.0,marker_list,Muslim,0.9674885934708862,False
saira,first,F,Muslim,ALL,3437.0,ojas_list;marker_list,Hindu,0.7180151744681091,False
nasreen,first,F,Muslim,ALL,3165.0,marker_list,Hindu,0.6708608525402601,False
sultana,first,F,Muslim,ALL,3027.0,ojas_list,Hindu,0.5038063565630101,False
samina,first,F,Muslim,ALL,1992.0,ojas_list,Hindu,0.9436014455074944,False
sabiha,first,F,Muslim,ALL,1828.0,ojas_list;marker_list,Muslim,0.9712894802350236,False
shaista,first,F,Muslim,ALL,1643.0,ojas_list,Hindu,0.7172425716716128,False
lubna,first,F,Muslim,ALL,1542.0,ojas_list,Hindu,0.906617830908747,False
rukhsana,first,F,Muslim,ALL,1444.0,marker_list,Hindu,0.9365424412825328,False
tabassum,first,F,Muslim,ALL,1443.0,marker_list,Muslim,0.5912049768346472,False
anisa,first,F,Muslim,ALL,1231.0,ojas_list,Hindu,0.8282990552205158,False
afreen,first,F,Muslim,ALL,1040.0,ojas_list,Muslim,0.9526700952439906,False
nazia,first,F,Muslim,ALL,1031.0,ojas_list;marker_list,Muslim,0.8179364917396457,False
farah,first,F,Muslim,ALL,926.0,ojas_list;marker_list,Muslim,0.8759431984487092,False
rabia,first,F,Muslim,ALL,772.0,ojas_list,Hindu,0.7874695410638517,False
naima,first,F,Muslim,ALL,713.0,ojas_list,Christian,0.4879708852498787,False
shazia,first,F,Muslim,ALL,689.0,ojas_list,Muslim,0.7571505731448527,False
alina,first,F,Muslim,ALL,655.0,ojas_list,Hindu,0.922027190465392,False
tasneem,first,F,Muslim,ALL,575.0,ojas_list,Hindu,0.5528534281309242,False
uzma,first,F,Muslim,ALL,452.0,ojas_list,Muslim,0.9025669879281312,False
gulnaz,first,F,Muslim,ALL,313.0,ojas_list,Muslim,0.6417614136046303,False
nadia,first,F,Muslim,ALL,306.0,ojas_list,Hindu,0.9711653861306638,False
rafia,first,F,Muslim,ALL,197.0,ojas_list,Muslim,0.990888810572454,False
ambreen,first,F,Muslim,ALL,190.0,ojas_list,Hindu,0.9224653288194417,False
rukhsar,first,F,Muslim,ALL,182.0,ojas_list,Muslim,0.5423490099669068,False
nilofer,first,F,Muslim,ALL,150.0,ojas_list,Hindu,0.8707423662038887,False
humaira,first,F,Muslim,ALL,138.0,ojas_list,Hindu,0.7474613253521432,False
zara,first,F,Muslim,ALL,125.0,ojas_list,Hindu,0.8840884658550099,False
iqra,first,F,Muslim,ALL,101.0,ojas_list,Muslim,0.941432053931758,False
mohd,first,M,Muslim,ALL,162716.0,marker_list,Muslim,0.5539013533847713,False
mohammed,first,M,Muslim,ALL,135834.0,ojas_list;marker_list,Muslim,0.8891454691412127,False
sameer,first,M,Muslim,ALL,85473.0,ojas_list;marker_list,Muslim,0.9610356820844708,False
naeem,first,M,Muslim,ALL,63675.0,ojas_list;marker_list,Muslim,0.7787216783590338,False
nadeem,first,M,Muslim,ALL,58848.0,ojas_list,Hindu,0.6667012247311928,False
mohammad,first,M,Muslim,ALL,50723.0,marker_list,Sikh,0.801818549435955,False
aamir,first,M,Muslim,ALL,41673.0,ojas_list,Hindu,0.6384912614815552,False
junaid,first,M,Muslim,ALL,17121.0,ojas_list,Hindu,0.7615027809904703,False
sana,first,M,Muslim,ALL,17009.0,marker_list,Hindu,0.9998752486778666,False
ismail,first,M,Muslim,ALL,15293.0,ojas_list,Muslim,0.8196903602795812,False
faisal,first,M,Muslim,ALL,14164.0,ojas_list;marker_list,Muslim,0.8956113325970351,False
mansoor,first,M,Muslim,ALL,12451.0,ojas_list,Muslim,0.8758875417180227,False
anwar,first,M,Muslim,ALL,11094.0,ojas_list,Hindu,0.9507886721489324,False
salman,first,M,Muslim,ALL,9572.0,ojas_list;marker_list,Hindu,0.4552316283329688,False
asif,first,M,Muslim,ALL,8695.0,ojas_list;marker_list,Muslim,0.992993893556005,False
imran,first,M,Muslim,ALL,8401.0,ojas_list;marker_list,Hindu,0.8397173867376148,False
hamza,first,M,Muslim,ALL,7743.0,ojas_list,Muslim,0.9751719260015064,False
javed,first,M,Muslim,ALL,6643.0,marker_list,Hindu,0.9588780709166216,False
rashid,first,M,Muslim,ALL,6532.0,ojas_list,Hindu,0.8562551044352533,False
shahid,first,M,Muslim,ALL,6383.0,ojas_list;marker_list,Muslim,0.9747620924696112,False
wasim,first,M,Muslim,ALL,6346.0,ojas_list,Hindu,0.8258223690743355,False
jamal,first,M,Muslim,ALL,5960.0,ojas_list,Muslim,0.7820893237759595,False
irfan,first,M,Muslim,ALL,5090.0,ojas_list;marker_list,Muslim,0.922626489096084,False
arif,first,M,Muslim,ALL,4095.0,ojas_list;marker_list,Muslim,0.99576018479105,False
sultan,first,M,Muslim,ALL,3678.0,ojas_list,Muslim,0.82474606131694,False
danish,first,M,Muslim,ALL,2665.0,ojas_list,Hindu,0.8645964298375832,False
yusuf,first,M,Muslim,ALL,2172.0,ojas_list,Muslim,0.995511430745674,False
aftab,first,M,Muslim,ALL,2140.0,marker_list,Muslim,0.9796523373381568,False
yasin,first,M,Muslim,ALL,2136.0,ojas_list,Hindu,0.4223140377767221,False
rizwan,first,M,Muslim,ALL,1563.0,ojas_list;marker_list,Hindu,0.69765351792848,False
shadab,first,M,Muslim,ALL,1536.0,ojas_list,Hindu,0.9640373363825228,False
mubashir,first,M,Muslim,ALL,1392.0,ojas_list,Hindu,0.6901863806846845,False
rafiq,first,M,Muslim,ALL,1381.0,ojas_list,Muslim,0.9999079478420412,False
zubair,first,M,Muslim,ALL,1320.0,ojas_list,Hindu,0.7362639804937013,False
farhan,first,M,Muslim,ALL,1253.0,ojas_list;marker_list,Muslim,0.7657689445372715,False
bilal,first,M,Muslim,ALL,1238.0,ojas_list,Hindu,0.9804217951033204,False
ilyas,first,M,Muslim,ALL,1159.0,ojas_list,Christian,0.85724528404891,False
azhar,first,M,Muslim,ALL,1149.0,ojas_list,Hindu,0.9689357213204622,False
faizan,first,M,Muslim,ALL,1031.0,ojas_list,Muslim,0.987778714128851,False
adnan,first,M,Muslim,ALL,754.0,ojas_list,Hindu,0.9882874030656132,False
saif,first,M,Muslim,ALL,677.0,ojas_list,Muslim,0.9999264588696394,False
zeeshan,first,M,Muslim,ALL,621.0,ojas_list;marker_list,Christian,0.5189398952490204,False
sohail,first,M,Muslim,ALL,581.0,ojas_list,Hindu,0.5315275141023544,False
nawaz,first,M,Muslim,ALL,538.0,ojas_list,Hindu,0.882317146319743,False
tabrez,first,M,Muslim,ALL,295.0,ojas_list,Hindu,0.5328588035942212,False
tariq,first,M,Muslim,ALL,194.0,ojas_list;marker_list,Muslim,0.7989162856884089,False
kamran,first,M,Muslim,ALL,175.0,ojas_list;marker_list,Hindu,0.9583274873537456,False
zaid,first,M,Muslim,ALL,162.0,ojas_list,Muslim,0.9809573789649212,False
kashif,first,M,Muslim,ALL,145.0,ojas_list,Muslim,0.913009035515795,False
ehsan,first,M,Muslim,ALL,106.0,ojas_list,Hindu,0.7104971096256405,False
manju,first,F,Hindu,ALL,173589.0,ojas_list;marker_list,Hindu,0.7263930581764736,False
sunita,first,F,Hindu,ALL,98507.0,ojas_list;marker_list,Hindu,0.9863409769941248,False
radha,first,F,Hindu,ALL,97113.0,marker_list,Hindu,0.9996055970608332,False
anita,first,F,Hindu,ALL,86622.0,marker_list,Hindu,0.995047425956378,False
geeta,first,F,Hindu,ALL,70312.0,ojas_list;marker_list,Hindu,0.7614416395956556,False
pooja,first,F,Hindu,ALL,61738.0,ojas_list;marker_list,Hindu,0.8287467300857746,False
divya,first,F,Hindu,ALL,57366.0,ojas_list,Hindu,0.973984236054272,False
jyoti,first,F,Hindu,ALL,56339.0,ojas_list,Hindu,0.6588558012479082,False
deepa,first,F,Hindu,ALL,53442.0,ojas_list,Hindu,0.9829903694965058,False
anjali,first,F,Hindu,ALL,49798.0,ojas_list,Muslim,0.5097075073739546,False
kamala,first,F,Hindu,ALL,49658.0,marker_list,Hindu,0.9830621903213056,False
nisha,first,F,Hindu,ALL,45533.0,marker_list,Hindu,0.5903523418217109,False
priya,first,F,Hindu,ALL,41641.0,ojas_list;marker_list,Hindu,0.9668628492383138,False
rekha,first,F,Hindu,ALL,36566.0,ojas_list;marker_list,Muslim,0.6311044970163033,False
savitri,first,F,Hindu,ALL,35703.0,marker_list,Hindu,0.8622652575279053,False
shanti,first,F,Hindu,ALL,33757.0,marker_list,Hindu,0.6052495305906331,False
soumya,first,F,Hindu,ALL,32356.0,ojas_list,Hindu,0.8434107328877379,False
radhika,first,F,Hindu,ALL,26172.0,ojas_list,Hindu,0.99816519342409,False
archana,first,F,Hindu,ALL,24286.0,ojas_list,Hindu,0.937911095664218,False
sushila,first,F,Hindu,ALL,23773.0,marker_list,Hindu,0.9474469518172094,False
sarita,first,F,Hindu,ALL,17579.0,marker_list,Hindu,0.9614930810211418,False
meera,first,F,Hindu,ALL,17288.0,ojas_list,Muslim,0.8410363158791148,False
madhuri,first,F,Hindu,ALL,11479.0,ojas_list,Hindu,0.9863560799324284,False
swati,first,F,Hindu,ALL,11365.0,ojas_list;marker_list,Hindu,0.9890712099703473,False
vandana,first,F,Hindu,ALL,10203.0,ojas_list,Hindu,0.9945828122912638,False
kavita,first,F,Hindu,ALL,9100.0,marker_list,Hindu,0.9895048682298054,False
shalini,first,F,Hindu,ALL,7924.0,ojas_list,Hindu,0.9297049367664106,False
kavya,first,F,Hindu,ALL,6550.0,ojas_list,Hindu,0.9721067559910226,False
sarika,first,F,Hindu,ALL,5051.0,marker_list,Hindu,0.8268276654304294,False
isha,first,F,Hindu,ALL,4225.0,ojas_list,Hindu,0.9686620669869402,False
charu,first,F,Hindu,ALL,3551.0,ojas_list,Hindu,0.9334920326810512,False
aditi,first,F,Hindu,ALL,2840.0,ojas_list,Hindu,0.9698374494339876,False
shreya,first,F,Hindu,ALL,2225.0,ojas_list,Hindu,0.8751862593014728,False
aishwarya,first,F,Hindu,ALL,1969.0,ojas_list,Hindu,0.9909818739172144,False
namrata,first,F,Hindu,ALL,1792.0,ojas_list,Hindu,0.9963639375978846,False
shruti,first,F,Hindu,ALL,1541.0,ojas_list,Hindu,0.9953079033885612,False
tanvi,first,F,Hindu,ALL,1375.0,ojas_list,Hindu,0.9667630405586366,False
meghna,first,F,Hindu,ALL,1264.0,ojas_list,Hindu,0.985542530097036,False
harini,first,F,Hindu,ALL,1127.0,ojas_list,Hindu,0.9857722717913546,False
kirti,first,F,Hindu,ALL,923.0,ojas_list,Hindu,0.9759413064028664,False
ritika,first,F,Hindu,ALL,867.0,ojas_list,Hindu,0.9843115058690708,False
sanya,first,F,Hindu,ALL,855.0,ojas_list,Hindu,0.9817305687309796,False
bhavna,first,F,Hindu,ALL,809.0,ojas_list,Hindu,0.9860031010092202,False
ananya,first,F,Hindu,ALL,751.0,ojas_list,Hindu,0.9722106001302324,False
ishita,first,F,Hindu,ALL,713.0,ojas_list,Hindu,0.9932727084971278,False
anil,first,M,Hindu,ALL,1318402.0,ojas_list;marker_list,Hindu,0.8613028596944624,False
vijay,first,M,Hindu,ALL,1254574.0,ojas_list;marker_list,Hindu,0.8814198627171111,False
ajay,first,M,Hindu,ALL,1059238.0,ojas_list,Hindu,0.6395952548696557,False
deepak,first,M,Hindu,ALL,935293.0,ojas_list,Hindu,0.96774398394281,False
ravi,first,M,Hindu,ALL,602103.0,ojas_list;marker_list,Hindu,0.9805387893619394,False
neeraj,first,M,Hindu,ALL,448454.0,ojas_list,Hindu,0.6813638141103233,False
arjun,first,M,Hindu,ALL,445897.0,ojas_list;marker_list,Hindu,0.9552976385129514,False
sunil,first,M,Hindu,ALL,326308.0,ojas_list;marker_list,Hindu,0.9305438172376288,False
abhishek,first,M,Hindu,ALL,306844.0,ojas_list,Hindu,0.6288834392150802,False
vikram,first,M,Hindu,ALL,257689.0,ojas_list;marker_list,Hindu,0.8654095390500454,False
suresh,first,M,Hindu,ALL,251744.0,ojas_list;marker_list,Hindu,0.4660086822946248,False
naveen,first,M,Hindu,ALL,237494.0,ojas_list,Hindu,0.94194156871702,False
vivek,first,M,Hindu,ALL,236384.0,ojas_list,Hindu,0.890544381169368,False
rajesh,first,M,Hindu,ALL,192209.0,ojas_list;marker_list,Christian,0.4990868450899512,False
ramesh,first,M,Hindu,ALL,180367.0,ojas_list;marker_list,Hindu,0.896938278968037,False
sandeep,first,M,Hindu,ALL,158961.0,ojas_list,Hindu,0.9776960575367556,False
ashok,first,M,Hindu,ALL,139765.0,marker_list,Hindu,0.9983322561324464,False
manoj,first,M,Hindu,ALL,110164.0,marker_list,Christian,0.7055161883747811,False
mahesh,first,M,Hindu,ALL,100151.0,ojas_list;marker_list,Hindu,0.9958644183445812,False
sanjay,first,M,Hindu,ALL,97929.0,marker_list,Hindu,0.997509499939254,False
nikhil,first,M,Hindu,ALL,67199.0,ojas_list,Hindu,0.8168948142328953,False
amit,first,M,Hindu,ALL,65246.0,ojas_list;marker_list,Hindu,0.9203524606840118,False
manish,first,M,Hindu,ALL,60280.0,ojas_list,Hindu,0.7305871579540799,False
mukesh,first,M,Hindu,ALL,54222.0,marker_list,Hindu,0.994604854237444,False
anand,first,M,Hindu,ALL,49568.0,ojas_list,Hindu,0.9995694032925746,False
prakash,first,M,Hindu,ALL,43536.0,ojas_list,Hindu,0.9238608520587108,False
naresh,first,M,Hindu,ALL,38638.0,marker_list,Hindu,0.9927311905513272,False
rahul,first,M,Hindu,ALL,36961.0,ojas_list,Hindu,0.9630540941565132,False
dinesh,first,M,Hindu,ALL,32254.0,marker_list,Hindu,0.929098327594768,False
varun,first,M,Hindu,ALL,30434.0,ojas_list,Christian,0.9055247801281427,False
rakesh,first,M,Hindu,ALL,30273.0,ojas_list;marker_list,Hindu,0.9786787611041416,False
harish,first,M,Hindu,ALL,26448.0,ojas_list,Hindu,0.972067241375654,False
gaurav,first,M,Hindu,ALL,25896.0,ojas_list,Hindu,0.99771648637254,False
ankit,first,M,Hindu,ALL,18628.0,ojas_list,Hindu,0.9887917818220634,False
pranav,first,M,Hindu,ALL,16595.0,ojas_list,Hindu,0.9882553095087466,False
akash,first,M,Hindu,ALL,16005.0,ojas_list,Hindu,0.8833610380687494,False
rohit,first,M,Hindu,ALL,13600.0,ojas_list;marker_list,Hindu,0.9888845965126276,False
vishal,first,M,Hindu,ALL,12590.0,ojas_list,Hindu,0.9953525400779846,False
tarun,first,M,Hindu,ALL,10585.0,ojas_list,Hindu,0.9616250971394448,False
karthik,first,M,Hindu,ALL,9054.0,ojas_list,Hindu,0.8931509550677793,False
saurabh,first,M,Hindu,ALL,7915.0,ojas_list,Hindu,0.9775908089522454,False
aditya,first,M,Hindu,ALL,7590.0,ojas_list,Hindu,0.954825079305048,False
shivam,first,M,Hindu,ALL,5573.0,ojas_list,Hindu,0.9978491465850372,False
yash,first,M,Hindu,ALL,5246.0,ojas_list,Christian,0.60890955927161,False
siddharth,first,M,Hindu,ALL,4540.0,ojas_list,Hindu,0.8921662883478336,False
rohan,first,M,Hindu,ALL,3195.0,ojas_list,Hindu,0.9099958933387085,False
ritesh,first,M,Hindu,ALL,2837.0,ojas_list,Hindu,0.9306742277435922,False
ashwin,first,M,Hindu,ALL,2161.0,ojas_list,Hindu,0.789087767371721,False
chirag,first,M,Hindu,ALL,1726.0,ojas_list,Hindu,0.9869769604443438,False
kunal,first,M,Hindu,ALL,710.0,ojas_list,Christian,0.6591062936992836,False
preethi,first,F,Christian,ALL,485677.0,ojas_list,Hindu,0.7102779341613237,False
mary,first,F,Christian,ALL,110165.0,ojas_list;marker_list,Christian,0.8022388606850772,False
bindu,first,F,Christian,ALL,99801.0,ojas_list,Hindu,0.9915805284677448,False
seema,first,F,Christian,ALL,70086.0,ojas_list,Muslim,0.6463338574046273,False
beena,first,F,Christian,ALL,49986.0,ojas_list,Hindu,0.7311960981906638,False
sonia,first,F,Christian,ALL,35804.0,ojas_list,Hindu,0.8189642692802662,False
reena,first,F,Christian,ALL,30817.0,ojas_list,Hindu,0.9646365053761636,False
maria,first,F,Christian,ALL,18687.0,marker_list,Christian,0.9999788360458636,False
sheena,first,F,Christian,ALL,17549.0,ojas_list,Hindu,0.7506489680752212,False
lissy,first,F,Christian,ALL,17381.0,ojas_list,Christian,0.9872282264139464,False
annie,first,F,Christian,ALL,16910.0,ojas_list,Christian,0.7606777089721135,False
jessy,first,F,Christian,ALL,16445.0,ojas_list;marker_list,Christian,0.981437001699792,False
anna,first,F,Christian,ALL,11931.0,marker_list,Hindu,0.996315233603442,False
elizabeth,first,F,Christian,ALL,10740.0,ojas_list;marker_list,Christian,0.5903643783195232,False
ann,first,F,Christian,ALL,10570.0,ojas_list,Hindu,0.9881813787533256,False
shiny,first,F,Christian,ALL,9821.0,ojas_list,Hindu,0.7923066302854378,False
bincy,first,F,Christian,ALL,9795.0,marker_list,Hindu,0.5019222377511284,False
susan,first,F,Christian,ALL,8382.0,ojas_list;marker_list,Hindu,0.7437815999259164,False
sherin,first,F,Christian,ALL,7906.0,ojas_list;marker_list,Hindu,0.7732417837382953,False
alphonsa,first,F,Christian,ALL,6850.0,ojas_list;marker_list,Christian,0.971983430514946,False
helen,first,F,Christian,ALL,5478.0,ojas_list,Hindu,0.6638036868337831,False
esther,first,F,Christian,ALL,4691.0,ojas_list,Christian,0.5858494725077816,False
monica,first,F,Christian,ALL,4578.0,ojas_list,Hindu,0.6520998245537853,False
rincy,first,F,Christian,ALL,3790.0,ojas_list;marker_list,Christian,0.8690421947532928,False
grace,first,F,Christian,ALL,3388.0,ojas_list,Hindu,0.5304592099867804,False
ruth,first,F,Christian,ALL,3275.0,ojas_list,Hindu,0.773715312415844,False
tessy,first,F,Christian,ALL,3077.0,ojas_list,Christian,0.9668391164066034,False
celine,first,F,Christian,ALL,2930.0,ojas_list,Christian,0.7165555476981549,False
rachel,first,F,Christian,ALL,2312.0,ojas_list,Christian,0.9486897268688996,False
merlin,first,F,Christian,ALL,2075.0,ojas_list,Hindu,0.8844779492250137,False
rebecca,first,F,Christian,ALL,2070.0,ojas_list,Hindu,0.6860202407799786,False
clara,first,F,Christian,ALL,2021.0,ojas_list,Hindu,0.8648155700565174,False
sophia,first,F,Christian,ALL,1819.0,ojas_list,Christian,0.7670088024314318,False
conceicao,first,F,Christian,ALL,1555.0,marker_list,Christian,0.997954484336902,False
diana,first,F,Christian,ALL,1538.0,ojas_list,Hindu,0.9500604718347484,False
gloria,first,F,Christian,ALL,1447.0,ojas_list,Christian,0.8485325105549738,False
filomena,first,F,Christian,ALL,1406.0,marker_list,Hindu,0.7911938994346294,False
teresa,first,F,Christian,ALL,1188.0,ojas_list,Hindu,0.7434210844348976,False
irene,first,F,Christian,ALL,1040.0,ojas_list,Hindu,0.7369495988082228,False
jennifer,first,F,Christian,ALL,948.0,ojas_list,Muslim,0.6552417034016726,False
lydia,first,F,Christian,ALL,802.0,ojas_list,Hindu,0.7865646124024249,False
cynthia,first,F,Christian,ALL,578.0,ojas_list,Christian,0.5295994809877139,False
flory,first,F,Christian,ALL,549.0,ojas_list,Christian,0.4627065342291897,False
roseline,first,F,Christian,ALL,317.0,ojas_list,Christian,0.99500476181814,False
melanie,first,F,Christian,ALL,118.0,ojas_list,Hindu,0.5207125881714247,False
joanna,first,F,Christian,ALL,103.0,ojas_list,Hindu,0.7204626673383971,False
joseph,first,M,Christian,ALL,88458.0,ojas_list;marker_list,Christian,0.999999973582924,False
thomas,first,M,Christian,ALL,76162.0,ojas_list;marker_list,Christian,0.9999996556702168,False
biju,first,M,Christian,ALL,69774.0,ojas_list,Hindu,0.7133568014761072,False
shaji,first,M,Christian,ALL,52104.0,ojas_list,Christian,0.9929528926318756,False
jose,first,M,Christian,ALL,50498.0,marker_list,Christian,0.999998785395809,False
john,first,M,Christian,ALL,48564.0,ojas_list,Christian,0.988333216932041,False
binu,first,M,Christian,ALL,48075.0,ojas_list,Hindu,0.7044080574440801,False
mathew,first,M,Christian,ALL,38720.0,ojas_list;marker_list,Christian,0.9999609716634612,False
abraham,first,M,Christian,ALL,22841.0,marker_list,Christian,0.9972659364815554,False
jacob,first,M,Christian,ALL,18327.0,marker_list,Christian,0.9991496919207316,False
samuel,first,M,Christian,ALL,12300.0,ojas_list,Christian,0.9949875191414016,False
peter,first,M,Christian,ALL,9749.0,ojas_list,Christian,0.8854919898793436,False
jijo,first,M,Christian,ALL,8548.0,ojas_list,Hindu,0.6080645706283234,False
joby,first,M,Christian,ALL,8398.0,ojas_list,Christian,0.7813774557581937,False
anthony,first,M,Christian,ALL,8382.0,ojas_list,Christian,0.9997320441702624,False
xavier,first,M,Christian,ALL,7790.0,ojas_list;marker_list,Christian,0.8305508675288512,False
sijo,first,M,Christian,ALL,7548.0,ojas_list,Hindu,0.5585661595849161,False
alex,first,M,Christian,ALL,7471.0,marker_list,Christian,0.4608524148792127,False
vincent,first,M,Christian,ALL,7149.0,ojas_list,Christian,0.9787137097808172,False
daniel,first,M,Christian,ALL,5992.0,ojas_list,Christian,0.9939652725927692,False
justin,first,M,Christian,ALL,5023.0,ojas_list,Christian,0.602938886418333,False
antonio,first,M,Christian,ALL,3364.0,marker_list,Christian,0.9121203599090424,False
lawrence,first,M,Christian,ALL,2980.0,ojas_list,Christian,0.9586614911699506,False
francisco,first,M,Christian,ALL,2772.0,marker_list,Christian,0.9996984870103652,False
nathan,first,M,Christian,ALL,2769.0,ojas_list,Hindu,0.9919085327165066,False
tom,first,M,Christian,ALL,2745.0,marker_list,Muslim,0.4060960060100105,False
joel,first,M,Christian,ALL,2505.0,ojas_list,Christian,0.7106805627959611,False
kevin,first,M,Christian,ALL,2018.0,ojas_list,Hindu,0.838291057966658,False
andrew,first,M,Christian,ALL,1991.0,ojas_list,Hindu,0.8972944221688891,False
agnelo,first,M,Christian,ALL,1840.0,marker_list,Hindu,0.5004612831577736,False
melvin,first,M,Christian,ALL,1702.0,ojas_list,Christian,0.8191810283984844,False
tijo,first,M,Christian,ALL,1699.0,ojas_list,Hindu,0.8732204349178876,False
savio,first,M,Christian,ALL,1631.0,ojas_list;marker_list,Christian,0.9621097094516754,False
wilfred,first,M,Christian,ALL,740.0,ojas_list,Hindu,0.5198281258262106,False
aaron,first,M,Christian,ALL,563.0,ojas_list,Christian,0.799278062966211,False
jerome,first,M,Christian,ALL,515.0,ojas_list,Hindu,0.7769501113850585,False
ivan,first,M,Christian,ALL,371.0,ojas_list,Hindu,0.998982460762507,False
ryan,first,M,Christian,ALL,323.0,ojas_list,Hindu,0.9685722791821244,False
denzil,first,M,Christian,ALL,278.0,ojas_list,Muslim,0.5595405713106318,False
clifford,first,M,Christian,ALL,241.0,ojas_list,Muslim,0.9789758969619636,False
neil,first,M,Christian,ALL,236.0,ojas_list,Hindu,0.4832843466273073,False
terence,first,M,Christian,ALL,226.0,ojas_list,Christian,0.9177305927646155,False
cajetan,first,M,Christian,ALL,219.0,ojas_list,Hindu,0.952930057575484,False
malcolm,first,M,Christian,ALL,205.0,ojas_list,Hindu,0.6076848976622247,False
adrian,first,M,Christian,ALL,179.0,ojas_list,Christian,0.8268108738878805,False
gerald,first,M,Christian,ALL,177.0,ojas_list,Hindu,0.9156033337774984,False
neville,first,M,Christian,ALL,140.0,ojas_list,Christian,0.7321216229649692,False
alwyn,first,M,Christian,ALL,137.0,ojas_list,Hindu,0.8506059761886013,False
trevor,first,M,Christian,ALL,136.0,ojas_list,Hindu,0.9269882315681603,False
conrad,first,M,Christian,ALL,110.0,ojas_list,Hindu,0.6627593465752728,False
paramajeeth,first,F,Sikh,ALL,340319.0,marker_list,Hindu,0.983664545549791,False
manajeeth,first,F,Sikh,ALL,328713.0,marker_list,Hindu,0.9000059058715489,False
gurameeth,first,F,Sikh,ALL,231361.0,marker_list,Hindu,0.9702725505552628,False
jasaviadar,first,F,Sikh,ALL,179451.0,marker_list,Hindu,0.9122287359320496,False
sarabajeeth,first,F,Sikh,ALL,166483.0,marker_list,Hindu,0.8261912589762943,False
amanadeep,first,F,Sikh,ALL,154206.0,marker_list,Hindu,0.9594603407616802,False
kulaviadar,first,F,Sikh,ALL,153025.0,marker_list,Hindu,0.9849903943319508,False
manapreeth,first,F,Sikh,ALL,150655.0,marker_list,Hindu,0.6793655669557591,False
charanajeeth,first,F,Sikh,ALL,131444.0,marker_list,Hindu,0.9748557188000704,False
karamajeeth,first,F,Sikh,ALL,110425.0,marker_list,Hindu,0.9899729881629714,False
jasapreeth,first,F,Sikh,ALL,67994.0,marker_list,Christian,0.7084917993169397,False
manpreet,first,F,Sikh,ALL,3935.0,ojas_list,Hindu,0.947780837090481,False
simran,first,F,Sikh,ALL,3339.0,ojas_list,Hindu,0.7483751720648939,False
jasleen,first,F,Sikh,ALL,1034.0,ojas_list,Muslim,0.7991086927477525,False
harleen,first,F,Sikh,ALL,670.0,ojas_list,Hindu,0.5979172997667036,False
rupinder,first,F,Sikh,ALL,649.0,ojas_list,Hindu,0.7230981043336939,False
supreet,first,F,Sikh,ALL,541.0,ojas_list,Hindu,0.8761846044787474,False
baljinder,first,F,Sikh,ALL,323.0,ojas_list,Hindu,0.4311793483869347,False
jasneet,first,F,Sikh,ALL,188.0,ojas_list,Hindu,0.4653375902034874,False
gurinder,first,F,Sikh,ALL,119.0,ojas_list,Hindu,0.511753122940666,False
gurleen,first,F,Sikh,ALL,116.0,ojas_list,Hindu,0.8297873337185221,False
kuladeep,first,M,Sikh,ALL,487723.0,marker_list,Hindu,0.9858056030039368,False
ranajeeth,first,M,Sikh,ALL,318971.0,marker_list,Hindu,0.93112965743411,False
gurapreeth,first,M,Sikh,ALL,203476.0,marker_list,Hindu,0.917835219848803,False
sukhadev,first,M,Sikh,ALL,191626.0,marker_list,Buddhist,0.997352608008814,False
balaveer,first,M,Sikh,ALL,176032.0,marker_list,Hindu,0.8615688027221676,False
guradeep,first,M,Sikh,ALL,109561.0,marker_list,Hindu,0.9880460674293176,False
rajiadar,first,M,Sikh,ALL,85709.0,marker_list,Hindu,0.9831559585552933,False
lakhaviadar,first,M,Sikh,ALL,75441.0,marker_list,Hindu,0.9726546747700198,False
ranjit,first,M,Sikh,ALL,9679.0,ojas_list,Hindu,0.9532247030104796,False
ravinder,first,M,Sikh,ALL,9201.0,ojas_list,Christian,0.5533474572443199,False
mandeep,first,M,Sikh,ALL,8402.0,ojas_list,Hindu,0.9112200054960534,False
rajinder,first,M,Sikh,ALL,6678.0,ojas_list,Hindu,0.59987694456609,False
baldev,first,M,Sikh,ALL,5681.0,ojas_list,Hindu,0.6845541928861315,False
jaswant,first,M,Sikh,ALL,5614.0,ojas_list,Hindu,0.8932164707752812,False
rajpal,first,M,Sikh,ALL,3558.0,ojas_list,Hindu,0.975568111555554,False
balbir,first,M,Sikh,ALL,2785.0,ojas_list,Hindu,0.9062221101630752,False
sukhdev,first,M,Sikh,ALL,2476.0,ojas_list,Buddhist,0.985837835142512,False
devinder,first,M,Sikh,ALL,2364.0,ojas_list,Christian,0.4609888856210993,False
hardeep,first,M,Sikh,ALL,2298.0,ojas_list,Hindu,0.968388639753565,False
amarjit,first,M,Sikh,ALL,1950.0,ojas_list,Hindu,0.8372404876042705,False
navneet,first,M,Sikh,ALL,1874.0,ojas_list,Hindu,0.9017471333166804,False
gagandeep,first,M,Sikh,ALL,1866.0,ojas_list,Hindu,0.982532528181275,False
kuldeep,first,M,Sikh,ALL,1660.0,ojas_list,Hindu,0.914522035554081,False
jagdeep,first,M,Sikh,ALL,1344.0,ojas_list,Hindu,0.9604350693944924,False
charanjit,first,M,Sikh,ALL,1221.0,ojas_list,Hindu,0.9788433838338102,False
jagjit,first,M,Sikh,ALL,1149.0,ojas_list,Hindu,0.7173092268817066,False
jasveer,first,M,Sikh,ALL,918.0,ojas_list,Hindu,0.6443095092991342,False
tejinder,first,M,Sikh,ALL,869.0,ojas_list,Hindu,0.4172638703255432,False
balwinder,first,M,Sikh,ALL,853.0,ojas_list,Hindu,0.3896271815678042,False
sukhbir,first,M,Sikh,ALL,748.0,ojas_list,Hindu,0.562337296200877,False
harmeet,first,M,Sikh,ALL,617.0,ojas_list,Hindu,0.9297715501192704,False
rajvir,first,M,Sikh,ALL,547.0,ojas_list,Hindu,0.6189506264368113,False
sukhwinder,first,M,Sikh,ALL,536.0,ojas_list,Sikh,0.4429160953621543,False
navdeep,first,M,Sikh,ALL,505.0,ojas_list,Hindu,0.9848422876307096,False
kanwar,first,M,Sikh,ALL,463.0,ojas_list,Hindu,0.962930812915307,False
rajdeep,first,M,Sikh,ALL,436.0,ojas_list,Hindu,0.9407021297231966,False
inderjit,first,M,Sikh,ALL,410.0,ojas_list,Sikh,0.944338005547053,False
satnam,first,M,Sikh,ALL,389.0,ojas_list,Hindu,0.9561367880026078,False
jaskaran,first,M,Sikh,ALL,332.0,ojas_list,Hindu,0.8235221800080215,False
parminder,first,M,Sikh,ALL,314.0,ojas_list,Hindu,0.5909759897845548,False
manveer,first,M,Sikh,ALL,136.0,ojas_list,Hindu,0.9550014901348888,False
arshdeep,first,M,Sikh,ALL,116.0,ojas_list,Hindu,0.9473768226389891,False
ravneet,first,M,Sikh,ALL,105.0,ojas_list,Hindu,0.9411304929350406,False
khan,last,,Muslim,North,2926077.0,ojas_list;marker_list,Muslim,0.9295131840395018,False
ahmad,last,,Muslim,North,1939662.0,marker_list,Muslim,0.996208946383144,False
begam,last,,Muslim,North,1057829.0,marker_list,Muslim,0.99720245267193,False
hasan,last,,Muslim,North,477364.0,marker_list,Christian,0.9229468642106342,False
chaudhary,last,,Muslim,North,324511.0,ojas_list,Hindu,0.9998830423867968,False
alam,last,,Muslim,North,289830.0,marker_list,Hindu,0.9731243400558977,False
ansari,last,,Muslim,North,169602.0,ojas_list;marker_list,Muslim,0.998300464187554,False
husain,last,,Muslim,North,137819.0,marker_list,Muslim,0.8910794196151165,False
rahman,last,,Muslim,North,131619.0,ojas_list;marker_list,Muslim,0.7518130973697453,False
iqbal,last,,Muslim,North,101092.0,ojas_list,Muslim,0.9916249880310593,False
yusuf,last,,Muslim,North,93734.0,marker_list,Muslim,0.995511430745674,False
malik,last,,Muslim,North,89143.0,marker_list,Muslim,0.837390651519781,False
ismail,last,,Muslim,North,83768.0,ojas_list;marker_list,Muslim,0.8196903602795812,False
noor,last,,Muslim,North,80970.0,marker_list,Muslim,0.9629335156090284,False
ibrahim,last,,Muslim,North,80182.0,marker_list,Muslim,0.5231439124850111,False
usman,last,,Muslim,North,57766.0,marker_list,Muslim,0.8002024394768895,False
siddiqui,last,,Muslim,North,43878.0,ojas_list;marker_list,Muslim,0.9997643462660684,False
lodhi,last,,Muslim,North,41776.0,ojas_list,Hindu,0.9741475859579324,False
azad,last,,Muslim,North,37691.0,marker_list,Muslim,0.7262770521529529,False
saifi,last,,Muslim,North,27434.0,marker_list,Muslim,0.999886576874216,False
hussain,last,,Muslim,North,18844.0,ojas_list;marker_list,Sikh,0.7892052567053759,False
begum,last,,Muslim,North,16103.0,marker_list,Muslim,0.932043379136302,False
mirza,last,,Muslim,North,12348.0,ojas_list;marker_list,Muslim,0.9838667967963968,False
ahmed,last,,Muslim,North,11394.0,ojas_list;marker_list,Muslim,0.6147604924542135,False
rizvi,last,,Muslim,North,10929.0,ojas_list,Hindu,0.4785076873468981,False
ali,last,,Muslim,East,1795721.0,ojas_list,Muslim,0.5949491030484959,False
begam,last,,Muslim,East,1272125.0,marker_list,Muslim,0.99720245267193,False
ansari,last,,Muslim,East,1202078.0,ojas_list;marker_list,Muslim,0.998300464187554,False
alam,last,,Muslim,East,1103769.0,marker_list,Hindu,0.9731243400558977,False
chaudhary,last,,Muslim,East,889200.0,ojas_list,Hindu,0.9998830423867968,False
malik,last,,Muslim,East,853926.0,marker_list,Muslim,0.837390651519781,False
khan,last,,Muslim,East,630653.0,ojas_list;marker_list,Muslim,0.9295131840395018,False
rahman,last,,Muslim,East,478087.0,ojas_list;marker_list,Muslim,0.7518130973697453,False
molla,last,,Muslim,East,445484.0,ojas_list,Muslim,0.987699479307486,False
choudhury,last,,Muslim,East,434624.0,ojas_list,Hindu,0.9885267393593892,False
pramanik,last,,Muslim,East,378702.0,ojas_list,Hindu,0.9682052341576048,False
sardar,last,,Muslim,East,366661.0,ojas_list,Hindu,0.8698197769721021,False
islam,last,,Muslim,East,345466.0,ojas_list,Muslim,0.9881273684712092,False
uddin,last,,Muslim,East,276250.0,ojas_list,Muslim,0.9999940863791156,False
ahmad,last,,Muslim,East,267994.0,marker_list,Muslim,0.996208946383144,False
husain,last,,Muslim,East,259372.0,marker_list,Muslim,0.8910794196151165,False
bhuiyan,last,,Muslim,East,120162.0,ojas_list,Hindu,0.9834555696919854,False
momin,last,,Muslim,East,98526.0,ojas_list,Muslim,0.956921763769069,False
hasan,last,,Muslim,East,98400.0,marker_list,Christian,0.9229468642106342,False
ahmed,last,,Muslim,East,85119.0,ojas_list;marker_list,Muslim,0.6147604924542135,False
talukdar,last,,Muslim,East,45872.0,ojas_list,Hindu,0.919206047289292,False
sarkar,last,,Muslim,East,38885.0,ojas_list,Hindu,0.905588892339055,False
karim,last,,Muslim,East,37262.0,ojas_list,Muslim,0.5712662860861406,False
ismail,last,,Muslim,East,28641.0,ojas_list;marker_list,Muslim,0.8196903602795812,False
begum,last,,Muslim,East,28499.0,marker_list,Muslim,0.932043379136302,False
begam,last,,Muslim,South,311629.0,marker_list,Muslim,0.99720245267193,False
khan,last,,Muslim,South,99811.0,ojas_list;marker_list,Muslim,0.9295131840395018,False
rahman,last,,Muslim,South,87379.0,ojas_list;marker_list,Muslim,0.7518130973697453,False
ibrahim,last,,Muslim,South,86001.0,marker_list,Muslim,0.5231439124850111,False
basheer,last,,Muslim,South,62131.0,ojas_list,Muslim,0.9678171505030764,False
haji,last,,Muslim,South,56616.0,ojas_list,Muslim,0.6379698093002669,False
hussain,last,,Muslim,South,54461.0,ojas_list;marker_list,Sikh,0.7892052567053759,False
ismail,last,,Muslim,South,47136.0,ojas_list;marker_list,Muslim,0.8196903602795812,False
pathan,last,,Muslim,South,46193.0,marker_list,Hindu,0.965048461222737,False
ahmad,last,,Muslim,South,41363.0,marker_list,Muslim,0.996208946383144,False
koya,last,,Muslim,South,40591.0,ojas_list,Sikh,0.7609309241047467,False
alam,last,,Muslim,South,30908.0,marker_list,Hindu,0.9731243400558977,False
sheik,last,,Muslim,South,29963.0,marker_list,Muslim,0.9101078854135132,False
moosa,last,,Muslim,South,28790.0,ojas_list,Sikh,0.9369700029948508,False
begum,last,,Muslim,South,26968.0,marker_list,Muslim,0.932043379136302,False
usman,last,,Muslim,South,26621.0,marker_list,Muslim,0.8002024394768895,False
yusuf,last,,Muslim,South,18177.0,marker_list,Muslim,0.995511430745674,False
ansari,last,,Muslim,South,14355.0,ojas_list;marker_list,Muslim,0.998300464187554,False
husain,last,,Muslim,South,14254.0,marker_list,Muslim,0.8910794196151165,False
kunhi,last,,Muslim,South,13630.0,ojas_list,Hindu,0.4574830915707431,False
bepari,last,,Muslim,South,13080.0,ojas_list,Hindu,0.8044657421618399,False
hasan,last,,Muslim,South,8739.0,marker_list,Christian,0.9229468642106342,False
marakkar,last,,Muslim,South,8239.0,ojas_list,Muslim,0.9708876002500167,False
ravuthar,last,,Muslim,South,7640.0,ojas_list,Sikh,0.8674927729055194,False
malik,last,,Muslim,South,7527.0,marker_list,Muslim,0.837390651519781,False
khan,last,,Muslim,West,647643.0,ojas_list;marker_list,Muslim,0.9295131840395018,False
pathan,last,,Muslim,West,386815.0,marker_list,Hindu,0.965048461222737,False
ansari,last,,Muslim,West,264557.0,ojas_list;marker_list,Muslim,0.998300464187554,False
ahmad,last,,Muslim,West,120445.0,marker_list,Muslim,0.996208946383144,False
begam,last,,Muslim,West,87405.0,marker_list,Muslim,0.99720245267193,False
ismail,last,,Muslim,West,66834.0,ojas_list;marker_list,Muslim,0.8196903602795812,False
ibrahim,last,,Muslim,West,60208.0,marker_list,Muslim,0.5231439124850111,False
yusuf,last,,Muslim,West,51989.0,marker_list,Muslim,0.995511430745674,False
usman,last,,Muslim,West,38030.0,marker_list,Muslim,0.8002024394768895,False
kazi,last,,Muslim,West,37605.0,ojas_list,Muslim,0.9896806432259672,False
hasan,last,,Muslim,West,34801.0,marker_list,Christian,0.9229468642106342,False
nazir,last,,Muslim,West,22506.0,ojas_list,Muslim,0.9508521133969964,False
malik,last,,Muslim,West,19984.0,marker_list,Muslim,0.837390651519781,False
alam,last,,Muslim,West,17436.0,marker_list,Hindu,0.9731243400558977,False
husain,last,,Muslim,West,12796.0,marker_list,Muslim,0.8910794196151165,False
rehman,last,,Muslim,West,7027.0,ojas_list;marker_list,Muslim,0.9606403257023144,False
rahman,last,,Muslim,West,6583.0,ojas_list;marker_list,Muslim,0.7518130973697453,False
ghani,last,,Muslim,West,6172.0,marker_list,Hindu,0.9932746701957642,False
mirza,last,,Muslim,West,2429.0,ojas_list;marker_list,Muslim,0.9838667967963968,False
azad,last,,Muslim,West,1995.0,marker_list,Muslim,0.7262770521529529,False
saifi,last,,Muslim,West,1528.0,marker_list,Muslim,0.999886576874216,False
jafri,last,,Muslim,West,1242.0,ojas_list,Muslim,0.984922324698012,False
vora,last,,Muslim,West,1198.0,ojas_list,Hindu,0.7919067585104775,False
pasha,last,,Muslim,West,960.0,ojas_list,Hindu,0.7046711157547592,False
khoja,last,,Muslim,West,921.0,ojas_list,Muslim,0.5324018585493617,False
singh,last,,Hindu,North,26319715.0,ojas_list,Sikh,0.9999988829582817,False
sharma,last,,Hindu,North,2018691.0,ojas_list;marker_list,Hindu,0.9998823053984738,False
yadav,last,,Hindu,North,1707362.0,ojas_list,Hindu,0.9999991788664648,False
gupta,last,,Hindu,North,1210472.0,ojas_list;marker_list,Hindu,0.9997975828346464,False
mishra,last,,Hindu,North,641585.0,ojas_list;marker_list,Hindu,0.9953098947943072,False
tiwari,last,,Hindu,North,439059.0,ojas_list;marker_list,Hindu,0.9996910632674568,False
pandey,last,,Hindu,North,422102.0,ojas_list;marker_list,Hindu,0.9734165971579676,False
chauhan,last,,Hindu,North,388220.0,ojas_list,Hindu,0.9534255886290708,False
patel,last,,Hindu,North,282993.0,marker_list,Hindu,0.999825296108842,False
shah,last,,Hindu,North,261846.0,ojas_list;marker_list,Muslim,0.8572710863637657,False
joshi,last,,Hindu,North,160091.0,ojas_list;marker_list,Christian,0.7109513250587909,False
tripathi,last,,Hindu,North,146252.0,ojas_list,Hindu,0.9903207502822616,False
jaiswal,last,,Hindu,North,139623.0,ojas_list,Hindu,0.9600258600042724,False
saxena,last,,Hindu,North,121042.0,ojas_list;marker_list,Hindu,0.8659635834398481,False
kapoor,last,,Hindu,North,87972.0,marker_list,Hindu,0.932751471193348,False
dwivedi,last,,Hindu,North,60489.0,marker_list,Hindu,0.9933891053554432,False
rastogi,last,,Hindu,North,59008.0,marker_list,Hindu,0.7536655846824083,False
mehta,last,,Hindu,North,52569.0,ojas_list;marker_list,Jain,0.9057794673162638,False
bhatt,last,,Hindu,North,46746.0,ojas_list,Hindu,0.9887746240232028,False
sinha,last,,Hindu,North,44938.0,marker_list,Hindu,0.8632109882567415,False
malhotra,last,,Hindu,North,42549.0,marker_list,Hindu,0.9434841746312328,False
khanna,last,,Hindu,North,41181.0,marker_list,Hindu,0.9998194438684244,False
verma,last,,Hindu,North,40265.0,ojas_list;marker_list,Hindu,0.9999777166355532,False
chaturvedi,last,,Hindu,North,37892.0,marker_list,Hindu,0.9937722798334392,False
aggarwal,last,,Hindu,North,37671.0,marker_list,Hindu,0.976855596084901,False
das,last,,Hindu,East,4814687.0,ojas_list,Hindu,0.9907646338916098,False
ghosh,last,,Hindu,East,1752553.0,ojas_list,Hindu,0.9980234927467077,False
pal,last,,Hindu,East,1284641.0,ojas_list,Hindu,0.9981225843478926,False
barman,last,,Hindu,East,1164032.0,ojas_list,Hindu,0.9849237882523478,False
sharma,last,,Hindu,East,1128297.0,ojas_list;marker_list,Hindu,0.9998823053984738,False
saha,last,,Hindu,East,830704.0,ojas_list,Muslim,0.6103316817809574,False
mishra,last,,Hindu,East,685255.0,ojas_list;marker_list,Hindu,0.9953098947943072,False
gupta,last,,Hindu,East,479972.0,ojas_list;marker_list,Hindu,0.9997975828346464,False
sinha,last,,Hindu,East,353939.0,marker_list,Hindu,0.8632109882567415,False
pandey,last,,Hindu,East,288483.0,ojas_list;marker_list,Hindu,0.9734165971579676,False
dutta,last,,Hindu,East,283668.0,ojas_list,Hindu,0.9978028489722528,False
mahanta,last,,Hindu,East,277905.0,ojas_list,Hindu,0.992759411733466,False
tiwari,last,,Hindu,East,259581.0,ojas_list;marker_list,Hindu,0.9996910632674568,False
sen,last,,Hindu,East,209108.0,ojas_list,Christian,0.961815612256634,False
patel,last,,Hindu,East,170338.0,marker_list,Hindu,0.999825296108842,False
deb,last,,Hindu,East,144212.0,ojas_list,Hindu,0.9817432756118754,False
mehta,last,,Hindu,East,137034.0,ojas_list;marker_list,Jain,0.9057794673162638,False
shah,last,,Hindu,East,117899.0,ojas_list;marker_list,Muslim,0.8572710863637657,False
mitra,last,,Hindu,East,110159.0,ojas_list,Hindu,0.9649427441507956,False
rao,last,,Hindu,East,55917.0,ojas_list;marker_list,Hindu,0.9026693817948622,False
bose,last,,Hindu,East,53561.0,ojas_list,Christian,0.9990349004721476,False
agarwal,last,,Hindu,East,49164.0,ojas_list;marker_list,Hindu,0.9951683161690884,False
roy,last,,Hindu,East,33408.0,ojas_list,Christian,0.8123433047288263,False
bhattacharya,last,,Hindu,East,24969.0,ojas_list;marker_list,Hindu,0.9931248999252956,False
chatterjee,last,,Hindu,East,23974.0,ojas_list;marker_list,Hindu,0.9919309250669054,False
krishnan,last,,Hindu,South,591010.0,ojas_list,Hindu,0.974885191905487,False
reddy,last,,Hindu,South,572332.0,ojas_list;marker_list,Hindu,0.9997389930924542,False
nair,last,,Hindu,South,485512.0,ojas_list;marker_list,Hindu,0.999547809919515,False
narayanan,last,,Hindu,South,348859.0,ojas_list,Hindu,0.9763039803040668,False
srinivasan,last,,Hindu,South,256257.0,ojas_list,Hindu,0.9636600252534786,False
pillai,last,,Hindu,South,251250.0,ojas_list,Hindu,0.992851531832054,False
rao,last,,Hindu,South,217943.0,ojas_list;marker_list,Hindu,0.9026693817948622,False
naidu,last,,Hindu,South,60126.0,ojas_list,Hindu,0.9912662376477978,False
subramanian,last,,Hindu,South,31102.0,ojas_list,Hindu,0.5667165785663302,False
desai,last,,Hindu,South,28696.0,ojas_list;marker_list,Hindu,0.6158681686099908,False
patel,last,,Hindu,South,26317.0,marker_list,Hindu,0.999825296108842,False
menon,last,,Hindu,South,21177.0,ojas_list;marker_list,Hindu,0.9134495331836032,False
sharma,last,,Hindu,South,16206.0,ojas_list;marker_list,Hindu,0.9998823053984738,False
joshi,last,,Hindu,South,12570.0,ojas_list;marker_list,Christian,0.7109513250587909,False
gupta,last,,Hindu,South,8833.0,ojas_list;marker_list,Hindu,0.9997975828346464,False
shah,last,,Hindu,South,7756.0,ojas_list;marker_list,Muslim,0.8572710863637657,False
shetty,last,,Hindu,South,6946.0,ojas_list,Hindu,0.972073903175346,False
acharya,last,,Hindu,South,4997.0,ojas_list,Hindu,0.9709567217848832,False
kapoor,last,,Hindu,South,3591.0,marker_list,Hindu,0.932751471193348,False
mishra,last,,Hindu,South,1565.0,ojas_list;marker_list,Hindu,0.9953098947943072,False
tiwari,last,,Hindu,South,1387.0,ojas_list;marker_list,Hindu,0.9996910632674568,False
mehta,last,,Hindu,South,1189.0,ojas_list;marker_list,Jain,0.9057794673162638,False
agarwal,last,,Hindu,South,1049.0,ojas_list;marker_list,Hindu,0.9951683161690884,False
pandey,last,,Hindu,South,913.0,ojas_list;marker_list,Hindu,0.9734165971579676,False
sinha,last,,Hindu,South,579.0,marker_list,Hindu,0.8632109882567415,False
patil,last,,Hindu,West,2553214.0,ojas_list,Hindu,0.964423935801298,False
jadhav,last,,Hindu,West,1627482.0,ojas_list,Hindu,0.9992450799997248,False
chavan,last,,Hindu,West,919708.0,ojas_list,Hindu,0.995021386054404,False
shah,last,,Hindu,West,368511.0,ojas_list;marker_list,Muslim,0.8572710863637657,False
patel,last,,Hindu,West,328767.0,marker_list,Hindu,0.999825296108842,False
bhosale,last,,Hindu,West,316483.0,ojas_list,Hindu,0.7237610546232806,False
gupta,last,,Hindu,West,250489.0,ojas_list;marker_list,Hindu,0.9997975828346464,False
joshi,last,,Hindu,West,219244.0,ojas_list;marker_list,Christian,0.7109513250587909,False
sharma,last,,Hindu,West,198065.0,ojas_list;marker_list,Hindu,0.9998823053984738,False
desai,last,,Hindu,West,143497.0,ojas_list;marker_list,Hindu,0.6158681686099908,False
mishra,last,,Hindu,West,99770.0,ojas_list;marker_list,Hindu,0.9953098947943072,False
kulkarni,last,,Hindu,West,83647.0,ojas_list,Hindu,0.8530087911094943,False
tiwari,last,,Hindu,West,82023.0,ojas_list;marker_list,Hindu,0.9996910632674568,False
shetty,last,,Hindu,West,77639.0,ojas_list,Hindu,0.972073903175346,False
mehta,last,,Hindu,West,76370.0,ojas_list;marker_list,Jain,0.9057794673162638,False
rao,last,,Hindu,West,26071.0,ojas_list;marker_list,Hindu,0.9026693817948622,False
pandey,last,,Hindu,West,15874.0,ojas_list;marker_list,Hindu,0.9734165971579676,False
sinha,last,,Hindu,West,15472.0,marker_list,Hindu,0.8632109882567415,False
modi,last,,Hindu,West,15266.0,ojas_list,Muslim,0.3562344349937146,False
trivedi,last,,Hindu,West,14287.0,ojas_list;marker_list,Hindu,0.9982472284347628,False
bhatt,last,,Hindu,West,10096.0,ojas_list,Hindu,0.9887746240232028,False
parikh,last,,Hindu,West,9969.0,ojas_list,Hindu,0.9451714461294072,False
reddy,last,,Hindu,West,8755.0,ojas_list;marker_list,Hindu,0.9997389930924542,False
khanna,last,,Hindu,West,4940.0,marker_list,Hindu,0.9998194438684244,False
chaturvedi,last,,Hindu,West,3850.0,marker_list,Hindu,0.9937722798334392,False
lal,last,,Christian,North,6143384.0,ojas_list,Hindu,0.9959597556609264,False
chand,last,,Christian,North,1641059.0,ojas_list,Hindu,0.9525323502260128,False
prakash,last,,Christian,North,1502556.0,ojas_list,Hindu,0.9238608520587108,False
chandra,last,,Christian,North,1087882.0,ojas_list,Hindu,0.8758085283461288,False
sagar,last,,Christian,North,123900.0,ojas_list,Hindu,0.7388852302526095,False
anand,last,,Christian,North,91070.0,ojas_list,Hindu,0.9995694032925746,False
bhatia,last,,Christian,North,59415.0,ojas_list,Hindu,0.9891174490361272,False
barkat,last,,Christian,North,9749.0,ojas_list,Hindu,0.7846904046161299,False
isaac,last,,Christian,North,8344.0,ojas_list,Christian,0.831471717560254,False
khokhar,last,,Christian,North,2841.0,ojas_list,Hindu,0.9042052611368822,False
elias,last,,Christian,North,421.0,ojas_list,Christian,0.8265051044373134,False
yohanan,last,,Christian,North,43.0,ojas_list,Christian,0.7902484909815225,False
marak,last,,Christian,East,256416.0,ojas_list,Hindu,0.9142295127469212,False
sangma,last,,Christian,East,253941.0,ojas_list,Hindu,0.9844758966614447,False
bara,last,,Christian,East,118156.0,ojas_list,Hindu,0.9718694151589352,False
kujur,last,,Christian,East,88272.0,ojas_list,Hindu,0.825276782189482,False
minj,last,,Christian,East,68828.0,ojas_list,Muslim,0.6973702087908525,False
toppo,last,,Christian,East,58287.0,ojas_list,Hindu,0.7880485553739552,False
ekka,last,,Christian,East,47447.0,ojas_list,Hindu,0.6716876817869867,False
lyngdoh,last,,Christian,East,38847.0,ojas_list,Hindu,0.7714342690471785,False
lakra,last,,Christian,East,32908.0,ojas_list,Hindu,0.988021107533636,False
tigga,last,,Christian,East,25449.0,ojas_list,Hindu,0.9246532359780862,False
konyak,last,,Christian,East,24474.0,ojas_list,Christian,0.8117960236037349,False
barla,last,,Christian,East,18960.0,ojas_list,Hindu,0.961456448030834,False
nongrum,last,,Christian,East,18160.0,ojas_list,Hindu,0.8264308617595981,False
horo,last,,Christian,East,17912.0,ojas_list,Hindu,0.90384693521925,False
marbaniang,last,,Christian,East,15943.0,ojas_list,Hindu,0.945448986334466,False
kerketta,last,,Christian,East,10592.0,ojas_list,Hindu,0.975082071994052,False
nongsiej,last,,Christian,East,10440.0,ojas_list,Christian,0.7352570765685243,False
suchiang,last,,Christian,East,7251.0,ojas_list,Hindu,0.5099040156180257,False
bakhla,last,,Christian,East,6056.0,ojas_list,Hindu,0.5799582063072493,False
dungdung,last,,Christian,East,5832.0,ojas_list,Hindu,0.9715404897781188,False
lotha,last,,Christian,East,5417.0,ojas_list,Hindu,0.538284752807084,False
soreng,last,,Christian,East,4855.0,ojas_list,Christian,0.7942805293795403,False
kindo,last,,Christian,East,4374.0,ojas_list,Hindu,0.9506928144885928,False
sema,last,,Christian,East,3475.0,ojas_list,Christian,0.5385912096918766,False
kandulna,last,,Christian,East,2957.0,ojas_list,Hindu,0.9613594431489372,False
mani,last,,Christian,South,429272.0,ojas_list,Hindu,0.7784664696761198,False
joseph,last,,Christian,South,351185.0,ojas_list,Christian,0.999999973582924,False
thomas,last,,Christian,South,289665.0,ojas_list;marker_list,Christian,0.9999996556702168,False
varghese,last,,Christian,South,183824.0,ojas_list;marker_list,Christian,0.9998283895969436,False
george,last,,Christian,South,173138.0,ojas_list;marker_list,Christian,0.999925027658548,False
mathew,last,,Christian,South,167653.0,ojas_list;marker_list,Christian,0.9999609716634612,False
kutty,last,,Christian,South,147523.0,ojas_list;marker_list,Hindu,0.5027818401032723,False
jose,last,,Christian,South,117953.0,ojas_list,Christian,0.999998785395809,False
john,last,,Christian,South,116980.0,ojas_list,Christian,0.988333216932041,False
antony,last,,Christian,South,87993.0,ojas_list,Christian,0.9886614455985044,False
abraham,last,,Christian,South,81706.0,ojas_list;marker_list,Christian,0.9972659364815554,False
chacko,last,,Christian,South,80678.0,ojas_list;marker_list,Christian,0.9999395978614114,False
jacob,last,,Christian,South,56643.0,ojas_list;marker_list,Christian,0.9991496919207316,False
samuel,last,,Christian,South,45252.0,ojas_list,Christian,0.9949875191414016,False
paul,last,,Christian,South,43111.0,ojas_list,Christian,0.7856421808364891,False
kurian,last,,Christian,South,35773.0,ojas_list;marker_list,Christian,0.9997124772892576,False
philip,last,,Christian,South,26583.0,ojas_list,Christian,0.9996487074364708,False
kuriakose,last,,Christian,South,25147.0,ojas_list,Christian,0.9997884286977172,False
daniel,last,,Christian,South,22117.0,ojas_list,Christian,0.9939652725927692,False
yohannan,last,,Christian,South,21640.0,ojas_list,Christian,0.9912626803819932,False
cherian,last,,Christian,South,18425.0,ojas_list,Christian,0.9801024196431534,False
wilson,last,,Christian,South,14610.0,ojas_list,Christian,0.9109153239569052,False
stephen,last,,Christian,South,12719.0,ojas_list,Christian,0.9919578550946684,False
alexander,last,,Christian,South,10570.0,ojas_list,Hindu,0.5240510266913945,False
koshy,last,,Christian,South,9851.0,ojas_list,Christian,0.97737776433884,False
fernandes,last,,Christian,West,69193.0,ojas_list;marker_list,Hindu,0.9043592155123564,False
souza,last,,Christian,West,18236.0,marker_list,Muslim,0.859492665496351,False
rodrigues,last,,Christian,West,15139.0,ojas_list;marker_list,Hindu,0.711558643466991,False
pereira,last,,Christian,West,13241.0,ojas_list;marker_list,Hindu,0.9888260324487544,False
dias,last,,Christian,West,11732.0,ojas_list,Hindu,0.7991807296683274,False
lobo,last,,Christian,West,10739.0,ojas_list;marker_list,Hindu,0.5076466260237366,False
pinto,last,,Christian,West,9720.0,ojas_list;marker_list,Hindu,0.6981818981947477,False
costa,last,,Christian,West,9637.0,ojas_list,Christian,0.9617960308155548,False
vaz,last,,Christian,West,6008.0,ojas_list,Hindu,0.6556871149170465,False
gomes,last,,Christian,West,5298.0,ojas_list,Hindu,0.8671814643768928,False
mascarenhas,last,,Christian,West,4680.0,ojas_list,Christian,0.9566253966458144,False
miranda,last,,Christian,West,4619.0,ojas_list,Hindu,0.978799665493552,False
carvalho,last,,Christian,West,4045.0,ojas_list,Hindu,0.9721546569482218,False
colaco,last,,Christian,West,3928.0,ojas_list;marker_list,Christian,0.9475039472872528,False
rebello,last,,Christian,West,3270.0,ojas_list;marker_list,Hindu,0.5313077787398016,False
noronha,last,,Christian,West,3202.0,ojas_list,Hindu,0.4979365227057963,False
gonsalves,last,,Christian,West,3168.0,ojas_list;marker_list,Christian,0.6114692074420567,False
almeida,last,,Christian,West,3029.0,ojas_list,Hindu,0.9465034551079056,False
barreto,last,,Christian,West,2802.0,ojas_list,Hindu,0.720654047085821,False
menezes,last,,Christian,West,2595.0,ojas_list,Christian,0.846205674498416,False
furtado,last,,Christian,West,2460.0,ojas_list,Hindu,0.9821018872422204,False
monteiro,last,,Christian,West,1871.0,ojas_list,Hindu,0.782265863102156,False
sequeira,last,,Christian,West,1647.0,ojas_list,Muslim,0.6366617182680631,False
braganza,last,,Christian,West,1525.0,ojas_list;marker_list,Hindu,0.9146066279652172,False
coelho,last,,Christian,West,950.0,ojas_list,Christian,0.7832690456343383,False
singh,last,,Sikh,ALL,30868593.0,ojas_list;marker_list,Sikh,0.9999988829582817,False
kaur,last,,Sikh,ALL,5457017.0,ojas_list;marker_list,Sikh,0.999825815543716,False
sahni,last,,Sikh,ALL,541793.0,ojas_list,Hindu,0.514580095367813,False
rai,last,,Sikh,ALL,127365.0,ojas_list,Hindu,0.9979525790283552,False
bhatti,last,,Sikh,ALL,39949.0,ojas_list,Hindu,0.9771061528957312,False
bal,last,,Sikh,ALL,19468.0,ojas_list,Hindu,0.976522923372078,False
bedi,last,,Sikh,ALL,14687.0,ojas_list,Hindu,0.8588908293454718,False
gill,last,,Sikh,ALL,13360.0,ojas_list;marker_list,Christian,0.939054225571994,False
sandhu,last,,Sikh,ALL,10821.0,ojas_list;marker_list,Hindu,0.976812441317762,False
chana,last,,Sikh,ALL,8329.0,ojas_list,Hindu,0.9716619657770684,False
sidhu,last,,Sikh,ALL,7481.0,ojas_list;marker_list,Muslim,0.564201710040893,False
sudan,last,,Sikh,ALL,5135.0,ojas_list,Hindu,0.8475397256632237,False
pannu,last,,Sikh,ALL,4979.0,ojas_list,Hindu,0.9970744058829486,False
sodhi,last,,Sikh,ALL,4869.0,ojas_list,Hindu,0.9906085690719004,False
chahal,last,,Sikh,ALL,4534.0,ojas_list,Hindu,0.9900959408192131,False
bhullar,last,,Sikh,ALL,3984.0,ojas_list,Hindu,0.7821647464435846,False
brar,last,,Sikh,ALL,3203.0,ojas_list;marker_list,Hindu,0.9657044401481324,False
bhogal,last,,Sikh,ALL,2607.0,ojas_list,Hindu,0.9855765537319598,False
bassi,last,,Sikh,ALL,2517.0,ojas_list,Christian,0.3725623651664361,False
sohal,last,,Sikh,ALL,2476.0,ojas_list,Hindu,0.894093718042132,False
bains,last,,Sikh,ALL,2445.0,ojas_list,Hindu,0.5667934798106004,False
sarai,last,,Sikh,ALL,2426.0,ojas_list,Hindu,0.9085572768111804,False
sahota,last,,Sikh,ALL,2390.0,ojas_list,Hindu,0.998352057871362,False
randhawa,last,,Sikh,ALL,2293.0,ojas_list,Hindu,0.9934905968185118,False
grewal,last,,Sikh,ALL,1854.0,ojas_list;marker_list,Hindu,0.9806464720164524,False
sangha,last,,Sikh,ALL,1685.0,ojas_list,Hindu,0.9865548990284546,False
dhillon,last,,Sikh,ALL,1649.0,ojas_list;marker_list,Hindu,0.6334695066916173,False
bajwa,last,,Sikh,ALL,1611.0,ojas_list;marker_list,Hindu,0.9688877042628448,False
thandi,last,,Sikh,ALL,1549.0,ojas_list,Hindu,0.999601581880258,False
kang,last,,Sikh,ALL,1514.0,ojas_list,Hindu,0.99806595394023,False
cheema,last,,Sikh,ALL,1270.0,ojas_list,Hindu,0.5729675075820937,False
virk,last,,Sikh,ALL,1267.0,ojas_list,Hindu,0.9314133859544316,False
dhaliwal,last,,Sikh,ALL,1166.0,ojas_list,Hindu,0.9988847585917155,False
ghuman,last,,Sikh,ALL,1122.0,ojas_list,Hindu,0.7176937162901477,False
toor,last,,Sikh,ALL,941.0,ojas_list,Muslim,0.5106694932041083,False
deol,last,,Sikh,ALL,918.0,ojas_list,Hindu,0.8360769105101062,False
khalsa,last,,Sikh,ALL,725.0,ojas_list,Muslim,0.5432449749181838,False
garcha,last,,Sikh,ALL,646.0,ojas_list,Hindu,0.925216032926182,False
nijjar,last,,Sikh,ALL,571.0,ojas_list,Muslim,0.7898033438968893,False
johal,last,,Sikh,ALL,538.0,ojas_list,Christian,0.6095425083912341,False
hundal,last,,Sikh,ALL,428.0,ojas_list,Hindu,0.9895101363417332,False
dhanoa,last,,Sikh,ALL,416.0,ojas_list,Hindu,0.7625745641183224,False
takhar,last,,Sikh,ALL,399.0,ojas_list,Hindu,0.9717998376256836,False
chattha,last,,Sikh,ALL,320.0,ojas_list,Hindu,0.896165228385277,False
samra,last,,Sikh,ALL,265.0,ojas_list,Hindu,0.9919669640208274,False
rehal,last,,Sikh,ALL,252.0,ojas_list,Muslim,0.7127253995342104,False
pandher,last,,Sikh,ALL,243.0,ojas_list,Hindu,0.9964319052811036,False
sekhon,last,,Sikh,ALL,186.0,ojas_list,Christian,0.6788207428779003,False
kahlon,last,,Sikh,ALL,154.0,ojas_list,Hindu,0.6724819655108728,False
shergill,last,,Sikh,ALL,152.0,ojas_list,Hindu,0.4930388512116081,False
aulakh,last,,Sikh,ALL,148.0,ojas_list,Hindu,0.5288077892870373,False
dhadwal,last,,Sikh,ALL,117.0,ojas_list,Hindu,0.9976648133422688,False
nagra,last,,Sikh,ALL,106.0,ojas_list,Hindu,0.9839878733107116,False
sanghera,last,,Sikh,ALL,85.0,ojas_list,Hindu,0.9977747911266568,False
purewal,last,,Sikh,ALL,81.0,ojas_list,Hindu,0.992556065004354,False
aujla,last,,Sikh,ALL,75.0,ojas_list,Hindu,0.8321766670062221,False
jawanda,last,,Sikh,ALL,72.0,ojas_list,Hindu,0.989848013833082,False
khangura,last,,Sikh,ALL,56.0,ojas_list,Hindu,0.8717774274838466,False
klair,last,,Sikh,ALL,30.0,ojas_list,Hindu,0.9842985627598676,False
