surname,note
singh,"ambiguous alone -- shared with Hindu Rajput/Hindi-belt usage; plan requires pairing with a validated Punjabi Sikh given name before labelling Sikh"
kaur,"essentially unambiguous as a female Sikh surname/middle-name marker, but still staged pending the compound given-name check"
sidhu,"Punjabi Jat -- mostly but not exclusively Sikh"
gill,"Punjabi Jat -- mostly but not exclusively Sikh"
sandhu,"Punjabi Jat -- mostly but not exclusively Sikh"
dhillon,"Punjabi Jat -- mostly but not exclusively Sikh"
brar,"Punjabi Jat -- mostly but not exclusively Sikh"
bajwa,"Punjabi Jat -- mostly but not exclusively Sikh"
grewal,"Punjabi Jat -- mostly but not exclusively Sikh"
